slug,tool,category,primary,primary_volume,primary_kd,secondary,secondary_volume,secondary_kd,tier,extra_ideas,notes
pdf-to-image,PDF to Image Converter,Image & PDF Tools,pdf to jpg,165000,60,pdf to png,74000,15,B,,"PNG variant is the easier win — target it first, jpg later."
image-to-pdf,Image to PDF,Image & PDF Tools,jpg to pdf,201000,52,image to pdf,74000,58,B,,jpg to pdf is bigger AND easier — make it primary.
text-to-pdf,Text to PDF,Image & PDF Tools,txt to pdf converter,6600,2,text to pdf,5400,0,A,,"Both are near-free wins, KD 0-2."
image-converter,Image Converter,Image & PDF Tools,image converter,22200,43,convert png to jpg,14800,29,B,,Decent balance between the two.
image-resizer,Image Resizer,Image & PDF Tools,image resizer,201000,65,resize image online,12100,59,B,,"SERP check: top 10 is mostly app-store listings, no big web-tool — more winnable than the KD number suggests."
bulk-image-resizer,Bulk Image Resizer,Image & PDF Tools,bulk image resizer,2400,34,resize multiple images at once,480,37,A,,"Exact-match, good opportunity."
image-compressor,Image Compressor,Image & PDF Tools,image compressor,74000,77,compress image online,3600,74,C,,Hard — TinyJPG/iLoveIMG/Adobe dominate SERP. Long-term goal only.
image-crop-tool,Image Crop Tool,Image & PDF Tools,image cropper,22200,46,crop image online,9900,34,B,,"Start with 'crop image online', it's easier."
image-to-text-ocr,Image to Text (OCR),Image & PDF Tools,image to text,74000,41,extract text from image,18100,18,B,,Secondary keyword can rank fast.
screenshot-to-text,Screenshot to Text,Image & PDF Tools,screenshot to text,1900,23,copy text from screenshot,170,19,A,,"Exact-match, easy."
meme-generator,Meme Generator,Image & PDF Tools,meme generator,450000,59,create meme online,1900,54,B,,"SERP check: top 10 is app-store/TikTok/Reddit, no big dedicated web tool — pleasant surprise, pursue it."
background-remover,Background Remover,Image & PDF Tools,background remover,1220000,66,transparent background maker,22200,31,B,,Head term is hard (Adobe/Canva/SnapBG dominate) — launch with the secondary keyword first.
image-watermark-adder,Image Watermark Adder,Image & PDF Tools,add watermark to image,320,,,,,C,,"All variants are volume 10-320 — weak US demand, low priority."
photo-collage-maker,Photo Collage Maker,Image & PDF Tools,photo collage maker,18100,63,,,,C,,"Hard — TurboCollage/BeFunky/Canva/Adobe are entrenched, HIGH ad competition. Low priority."
favicon-generator,Favicon Generator,Image & PDF Tools,favicon generator,14800,68,,,,C,,Hard — favicon.io/realfavicongenerator entrenched. Aspirational only.
svg-to-png-converter,SVG to PNG Converter,Image & PDF Tools,svg to png,40500,9,svg to png converter,3600,10,A,,SERP-verified converter-friendly intent. Best quick-win in this category.
word-counter,Word Counter,Text & Writing Tools,word counter,1220000,65,word count tool,5400,51,B,,"SERP moderately defended, still winnable."
case-converter,Case Converter,Text & Writing Tools,case converter,27100,19,text case converter,480,31,A,,Easy win.
fancy-text-generator,Fancy Text Generator,Text & Writing Tools,fancy text generator,74000,29,stylish text generator,1600,24,A,,"Avoid 'font generator' (1M, KD70) — LingoJam/FontSpace dominate, aspirational only."
text-to-handwriting,Text to Handwriting,Text & Writing Tools,text to handwriting,1300,22,handwriting generator,1600,39,B,,"Small niche, low competition."
hashtag-generator,Hashtag Generator,Text & Writing Tools,hashtag generator,3600,31,instagram hashtag generator,1300,40,B,,"Avoid 'hashtags for instagram' — navigational intent mismatch (people want lists, not a tool)."
lorem-ipsum-generator,Lorem Ipsum Generator,Text & Writing Tools,lorem ipsum,135000,34,lorem ipsum generator,60500,45,A,,Both keywords strong. Secondary CPC $12.93.
text-diff-checker,Text Diff Checker,Text & Writing Tools,diff checker,33100,25,compare text online,2900,43,A,,Good primary.
text-to-speech,Text to Speech,Text & Writing Tools,text to speech,301000,94,tts online,880,48,C,,Hard — Google/ElevenLabs/Murf dominate. Aspirational only.
speech-to-text,Speech to Text,Text & Writing Tools,speech to text,,94,dictation online,210,46,C,,Hard — Microsoft/Apple apps dominate. Aspirational only.
duplicate-line-remover,Duplicate Line Remover,Text & Writing Tools,duplicate line remover,390,2,remove duplicate lines,390,8,A,,"Easy, exact-match."
text-sorter,Text Sorter,Text & Writing Tools,alphabetize list,8100,8,sort text alphabetically,50,14,A,,Better keyword than the tool's own name.
slug-generator,Slug Generator,Text & Writing Tools,slugify,880,24,slug generator,320,0,B,,Dev audience.
text-reverser,Text Reverser,Text & Writing Tools,backwards text generator,14800,22,text reverser,8100,21,B,,Good volume.
readability-score-checker,Readability Score Checker,Text & Writing Tools,readability checker,3600,34,flesch kincaid calculator,1300,34,B,,Niche-authority term.
instagram-bio-generator,Instagram Bio Generator,Text & Writing Tools,instagram bio generator,1600,0,bio generator,2400,13,A,,Excellent easy win.
character-counter,Character Counter,Text & Writing Tools,character counter,246000,41,twitter character counter,1600,3,A,,Strong primary + easy niche secondary.
morse-code-translator,Morse Code Translator,Text & Writing Tools,morse code translator,368000,22,morse code converter,368000,24,A,,Best opportunity in this whole category.
nato-phonetic-alphabet-converter,NATO Phonetic Alphabet Converter,Text & Writing Tools,nato phonetic alphabet,49500,20,,,,A,,'military alphabet' (165k) is Wikipedia/reference intent — skip as primary.
pig-latin-translator,Pig Latin Translator,Text & Writing Tools,pig latin translator,,12,,,,B,,"Tiny niche, zero competition, fine long-tail."
anagram-solver,Anagram Solver,Text & Writing Tools,anagram solver,301000,34,anagram generator,33100,21,A,,"Excellent — big volume, moderate/easy."
text-repeater,Text Repeater,Text & Writing Tools,text repeater,4400,9,word repeater,1900,0,A,,Easy.
whitespace-remover,Whitespace Remover,Text & Writing Tools,remove extra spaces,210,0,remove whitespace online,90,0,B,,"Tiny market, zero competition."
letter-frequency-counter,Letter Frequency Counter,Text & Writing Tools,letter frequency counter,480,16,,,,B,,'letter counter' (9.9k) has ambiguous intent — skip.
json-formatter-validator,JSON Formatter & Validator,Developer Tools,json formatter,110000,29,json validator,22200,42,A,,Strong. Validator CPC $15.77.
json-to-csv,JSON to CSV,Developer Tools,json to csv,5400,13,json to csv converter,1600,8,A,,Easy.
regex-tester,Regex Tester,Developer Tools,regex tester,18100,34,regular expression tester,18100,38,B,,'regex101' is a brand name — skip.
url-encoder-decoder,URL Encoder/Decoder,Developer Tools,url decoder,18100,59,url encoder,14800,78,B,,Encoder is harder than decoder.
base64-encoder-decoder,Base64 Encoder/Decoder,Developer Tools,base64 decode,60500,23,base64 encode,18100,67,B,,Decode is easier — target first.
meta-tags-generator,Meta Tags Generator,Developer Tools,meta tag generator,260,9,open graph generator,50,0,C,,Weak US demand overall.
robots-txt-generator,Robots.txt Generator,Developer Tools,robots.txt generator,1000,27,,,,B,,Dotted / non-dotted variant tied.
fake-data-generator,Fake Data Generator,Developer Tools,random data generator,260,10,mock data generator,170,17,B,,'fake data generator' itself is KD63 — avoid.
markdown-editor-previewer,Markdown Editor & Previewer,Developer Tools,markdown editor,8100,45,online markdown editor,1300,47,B,,Moderate.
html-formatter-beautifier,HTML Formatter/Beautifier,Developer Tools,html formatter,8100,22,html beautifier,2900,3,A,,Easy secondary.
css-formatter-minifier,CSS Formatter/Minifier,Developer Tools,css formatter,720,12,css beautifier,720,0,A,,Small but free.
js-formatter-minifier,JS Formatter/Minifier,Developer Tools,js minifier,2400,31,javascript formatter,1900,23,B,,Decent.
xml-formatter-validator,XML Formatter & Validator,Developer Tools,xml formatter,22200,6,xml validator,4400,20,A,,Excellent opportunity.
yaml-to-json-converter,YAML to JSON Converter,Developer Tools,json to yaml,1300,2,yaml to json,1300,2,A,,Both near-free.
cron-expression-generator,Cron Expression Generator,Developer Tools,crontab generator,1600,24,cron expression generator,1300,19,A,,Good.
uuid-guid-generator,UUID/GUID Generator,Developer Tools,uuid generator,18100,15,guid generator,9900,23,A,,Excellent.
hash-generator,Hash Generator,Developer Tools,hash generator,880,40,sha256 generator,480,21,B,,Moderate.
jwt-decoder,JWT Decoder,Developer Tools,jwt decoder,14800,36,decode jwt,1600,29,B,,Good.
timestamp-converter,Timestamp Converter,Developer Tools,epoch converter,40500,17,unix timestamp converter,40500,25,A,,"Strong, pick epoch converter first."
color-contrast-checker,Color Contrast Checker,Developer Tools,color contrast checker,12100,56,wcag contrast checker,1300,56,B,,"Moderate-hard, good CPC ($10.58)."
data-storage-converter,Data Storage Converter,Developer Tools,mb to gb converter,2400,3,byte converter,1000,0,A,,Much better than the tool's own name.
number-base-converter,Number Base Converter,Developer Tools,hex to decimal converter,5400,15,binary to decimal converter,4400,16,A,,Better than 'number base converter' itself.
text-binary-converter,Text to Binary Converter,Developer Tools,binary translator,165000,16,text to binary converter,1900,14,A,,"Best find in this category — huge volume, very low KD."
csv-to-json-converter,CSV to JSON Converter,Developer Tools,csv to json,2400,13,csv to json converter,590,16,A,,Easy.
json-diff-checker,JSON Diff Checker,Developer Tools,json compare,9900,13,json diff,8100,14,A,,Compare is bigger + easier.
markdown-to-html-converter,Markdown to HTML Converter,Developer Tools,markdown to html,1900,6,markdown to html converter,320,11,A,,Easy.
html-to-markdown-converter,HTML to Markdown Converter,Developer Tools,html to markdown,1600,26,html to markdown converter,390,26,B,,Moderate.
css-gradient-generator,CSS Gradient Generator,Developer Tools,gradient generator,3600,51,css gradient generator,2400,69,B,,Broader term is easier.
css-box-shadow-generator,CSS Box-Shadow Generator,Developer Tools,css box shadow generator,720,13,box shadow generator,720,29,A,,Exact-match is easier here.
css-clamp-calculator,CSS clamp() Calculator,Developer Tools,css clamp calculator,40,0,,,,B,,"Tiny dev niche, fine long-tail."
htaccess-generator,.htaccess Generator,Developer Tools,htaccess generator,30,19,,,,C,,"Very low priority, tiny volume."
xml-sitemap-generator,XML Sitemap Generator,Developer Tools,sitemap generator,4400,49,xml sitemap generator,1300,42,B,,Broader term is bigger but harder.
sql-formatter-minifier,SQL Formatter / Minifier,Developer Tools,sql formatter,9900,34,sql beautifier,1900,15,B,,Good.
placeholder-image-generator,Placeholder Image Generator,Developer Tools,placeholder image,12100,15,placeholder image generator,390,4,A,,Strong; skip 'lorem picsum' (brand name).
percentage-calculator,Percentage Calculator,Calculators & Converters,percentage calculator,550000,32,percent calculator,60500,24,A,,Strong.
scientific-calculator,Scientific Calculator,Calculators & Converters,scientific calculator,550000,47,scientific calculator online,6600,22,B,,Moderate.
gpa-calculator,GPA Calculator,Calculators & Converters,gpa calculator,823000,38,cgpa calculator,1000,44,A,,Huge volume.
emi-calculator,EMI Calculator,Calculators & Converters,emi calculator,8100,41,loan emi calculator,720,35,B,,US volume is small — EMI is mostly Asia terminology.
age-calculator,Age Calculator,Calculators & Converters,age calculator,673000,46,age calculator by date of birth,27100,46,A,,Strong.
bmi-calculator,BMI Calculator,Calculators & Converters,bmi calculator,2240000,58,body mass index calculator,18100,62,B,,Massive volume.
discount-calculator,Discount Calculator,Calculators & Converters,discount calculator,33100,7,sale price calculator,720,4,A,,"Excellent, easy. Secondary CPC $31."
unit-converter,Unit Converter,Calculators & Converters,unit converter,135000,24,measurement converter,8100,58,A,,Strong.
love-calculator,Love Calculator,Calculators & Converters,love calculator,74000,27,love percentage calculator,720,34,A,,Good.
loan-calculator,Loan Calculator,Calculators & Converters,loan calculator,673000,54,personal loan calculator,135000,27,B,,Secondary much easier.
mortgage-calculator,Mortgage Calculator,Calculators & Converters,mortgage calculator,2740000,79,home loan calculator,90500,79,C,,Hard but massive — long-term target.
salary-take-home-calculator,Salary/Take-Home Pay Calculator,Calculators & Converters,paycheck calculator,550000,52,take home pay calculator,60500,20,B,,Secondary much easier.
tip-calculator,Tip Calculator,Calculators & Converters,tip calculator,450000,18,,,,A,,Excellent — huge + easy.
currency-converter,Currency Converter,Calculators & Converters,currency converter,673000,80,exchange rate calculator,4400,74,C,,Hard — xe.com/Google dominate.
calorie-calculator-tdee,Calorie Calculator (TDEE),Calculators & Converters,tdee calculator,550000,37,calorie calculator,673000,79,B,,"TDEE much easier, near-same volume."
macro-calculator,Macro Calculator,Calculators & Converters,macro calculator,90500,31,macro calculator for weight loss,12100,31,B,,Good.
retirement-savings-calculator,Retirement Savings Calculator,Calculators & Converters,retirement calculator,368000,54,retirement savings calculator,22200,48,B,,Good.
car-loan-calculator,Car Loan Calculator,Calculators & Converters,auto loan calculator,673000,46,car loan calculator,550000,46,B,,Both equally good.
investment-return-calculator,Investment Return Calculator,Calculators & Converters,investment calculator,450000,48,compound annual growth rate calculator,590,36,B,,Strong.
water-intake-calculator,Water Intake Calculator,Calculators & Converters,water intake calculator,33100,3,how much water should i drink calculator,1900,17,A,,Excellent.
heart-rate-zone-calculator,Heart Rate Zone Calculator,Calculators & Converters,heart rate zone calculator,9900,8,target heart rate calculator,9900,36,A,,Excellent.
break-even-calculator,Break-Even Calculator,Calculators & Converters,break even point calculator,1300,21,break even calculator,880,1,A,,Secondary near-free.
compound-interest-calculator,Compound Interest Calculator,Calculators & Converters,compound interest calculator,823000,64,,,,B,,"Huge, moderately hard."
roman-numeral-converter,Roman Numeral Converter,Calculators & Converters,roman numeral converter,165000,11,roman numerals converter,165000,30,A,,Excellent.
invoice-generator,Invoice Generator,Calculators & Converters,invoice generator,135000,50,free invoice generator,40500,50,B,,CPC $22.59. Avoid 'invoice maker' (HIGH competition).
profit-margin-calculator,Profit Margin Calculator,Calculators & Converters,profit margin calculator,22200,25,markup calculator,18100,4,A,,Secondary much easier.
date-difference-calculator,Date Difference Calculator,Calculators & Converters,days between dates calculator,33100,24,date difference calculator,9900,36,A,,Primary bigger + easier.
work-days-calculator,Work Days Calculator,Calculators & Converters,business days calculator,40500,28,work days calculator,480,37,A,,Primary much bigger.
time-duration-calculator,Time Duration Calculator,Calculators & Converters,time duration calculator,135000,22,,,,A,,Excellent find.
hourly-to-salary-converter,Hourly to Salary Converter,Calculators & Converters,hourly to salary calculator,49500,46,hourly wage to salary calculator,4400,46,B,,Good.
bill-splitter-calculator,Bill Splitter Calculator,Calculators & Converters,split the bill calculator,1600,10,bill splitter,1300,12,A,,Good.
simple-interest-calculator,Simple Interest Calculator,Calculators & Converters,simple interest calculator,22200,20,,,,A,,Good solo.
debt-payoff-calculator,Debt Payoff Calculator,Calculators & Converters,debt payoff calculator,18100,49,debt snowball calculator,6600,12,B,,Secondary much easier.
freelance-hourly-rate-calculator,Freelance Hourly Rate Calculator,Calculators & Converters,freelance rate calculator,390,0,freelance hourly rate calculator,90,5,A,,"Tiny niche, zero competition."
overtime-pay-calculator,Overtime Pay Calculator,Calculators & Converters,overtime calculator,22200,7,overtime pay calculator,4400,22,A,,Excellent.
401k-contribution-calculator,401(k) Contribution Calculator,Calculators & Converters,401k calculator,165000,36,401k contribution calculator,3600,13,B,,Strong.
car-depreciation-calculator,Car Depreciation Calculator,Calculators & Converters,car depreciation calculator,8100,22,,,,A,,Good solo.
lease-vs-buy-car-calculator,Lease vs Buy Car Calculator,Calculators & Converters,car lease calculator,18100,31,lease vs buy calculator,880,0,A,,Good.
property-tax-estimator,Property Tax Estimator,Calculators & Converters,property tax calculator,22200,43,property tax estimator,3600,43,B,,Moderate.
college-savings-calculator,529 College Savings Calculator,Calculators & Converters,529 calculator,14800,10,college savings calculator,4400,11,A,,Excellent.
social-security-fra-calculator,Social Security FRA Calculator,Calculators & Converters,social security calculator,49500,60,full retirement age calculator,480,29,B,,Moderate-hard.
shoe-size-converter,Shoe Size Converter,Calculators & Converters,shoe size chart converter,22200,9,shoe size converter,5400,36,A,,Primary much bigger + easier.
clothing-size-converter,Clothing Size Converter,Calculators & Converters,clothing size converter,320,20,,,,B,,Small but intent-precise.
ring-size-converter,Ring Size Converter,Calculators & Converters,ring size converter,1300,37,,,,B,,"'ring size chart' (165k) is owned by jewelry brands (Tiffany, Macy's, Brilliant Earth) — not converter intent, skip."
oven-temperature-converter,Oven Temperature Converter,Calculators & Converters,oven temperature converter,210,2,,,,A,,"Tiny niche, zero competition."
password-generator,Password Generator,Generators & Random Tools,secure password generator,6600,55,easy to remember password generator,720,34,C,"random pin generator (320, KD0); 4 digit pin generator (210, KD3)","Head terms KD55-68, big password-manager brands own that space."
passphrase-generator,Passphrase Generator,Generators & Random Tools,passphrase generator,8100,42,xkcd password generator,1000,25,B,"random word password generator (590, KD47)",
qr-code-generator,QR Code Generator,Generators & Random Tools,qr code generator for business card,2900,25,vcard qr code generator,1300,6,B,"wifi qr code generator (2900, KD20); qr code generator for google review (1300, KD20); qr code generator for pdf (1900, KD27)","Head keyword KD79-87 is impossible for now, but business-card SERP has small sites and CPC $7-$13."
random-number-generator,Random Number Generator,Generators & Random Tools,random 4 digit number generator,6600,6,random number between 1 and 100,2900,5,A,"random number generator 1-1000 (2900, KD3); random number generator without repeats (1900, KD15); lottery number generator (3600, KD15)","SERP has forums and tutorials. Head term (1.5M, KD57) is a stretch."
business-name-generator,Business Name Generator,Generators & Random Tools,company name generator,8100,51,youtube channel name generator,1900,7,C,"clothing brand name generator (720, KD0)","Head term KD62, but CPC $3-$6."
password-strength-checker,Password Strength Checker,Generators & Random Tools,password strength test,5400,58,check password strength,4400,59,C,"how strong is my password (1600, KD60)",All variants KD58-70.
barcode-generator,Barcode Generator,Generators & Random Tools,barcode generator,450000,24,free barcode generator,40500,24,A,"upc barcode generator (40500, KD33); code 128 generator (1900, KD8); code 39 generator (1000, KD6)","Biggest opportunity in the whole category. SERP has forums, YouTube, Play Store — not big brands."
wheel-of-names,Wheel of Names,Generators & Random Tools,name picker wheel,14800,24,decision wheel,22200,27,A,"random name picker wheel (4400, KD24); yes or no wheel (165000, KD2)",SERP has App Store pages. Tool is currently a stub — build it first.
coin-flip-dice-roller,Coin Flip & Dice Roller,Generators & Random Tools,heads or tails,673000,24,flip a coin,2240000,20,B,"dnd dice roller (27100, KD9); virtual dice roller (33100, KD37); d20 dice roller (5400, KD26)",Top row behaves like a Google widget — zero-click risk.
random-team-generator,Random Team Generator,Generators & Random Tools,random group generator,33100,8,random team generator,22200,9,A,"team randomizer (6600, KD7); group randomizer (6600, KD10)",SERP is weak — good opportunity.
nickname-generator,Nickname Generator,Generators & Random Tools,nickname generator,18100,21,cool nickname generator,2900,21,A,"cute nickname generator (1300, KD14); funny nickname generator (590, KD7)","SERP has Play Store, Reddit, YouTube."
countdown-timer-generator,Countdown Timer Generator,Generators & Random Tools,countdown to date,3600,35,embeddable countdown timer,210,50,C,"countdown timer generator (170, KD56)",Almost no real demand for this exact tool name.
fantasy-name-generator,Fantasy Name Generator,Generators & Random Tools,fantasy name generator,165000,15,dnd name generator,18100,0,A,"elf name generator (18100, KD0); dragon name generator (8100, KD0); orc/wizard/medieval name generator (3600, KD0 each)","Head term has fantasynamegenerators.com and Reedsy, but race-specific variants are all KD0."
baby-name-generator,Baby Name Generator,Generators & Random Tools,,,,,,,B,,"Unverified — none of 8 variants returned volume data. Deep research call wasn't approved, so this was skipped."
pet-name-generator,Pet Name Generator,Generators & Random Tools,dog name generator,3600,6,pet name generator,1600,0,A,"puppy name generator (3600, KD6); cat name generator (1900, KD0); horse name generator (4400, KD0); female dog names (33100, KD13); cute cat names (18100, KD12)","SERP is weak. Add list-style pages too (female dog names, cute cat names)."
license-plate-generator,License Plate Generator,Generators & Random Tools,license plate generator,1900,6,license plate maker,1600,11,C,"vanity plate generator (1300, KD22); funny license plate ideas (2900, KD0)",SERP has state DMV sites and plate stores — different search intent.
typing-speed-test,Typing Speed Test,Generators & Random Tools,typing speed test,135000,49,typing test 5 minutes,590,12,C,"typing speed test 1 minute (140, KD23)",Head term KD49-73.
reaction-time-test,Reaction Time Test,Generators & Random Tools,reaction time test,110000,12,reaction time,18100,16,A,"reflex test (4400, KD7); average reaction time (5400, KD6)","SERP has Play Store, YouTube, Reddit. CPC $3.32. One of the best finds overall."
vin-decoder,VIN Decoder,Generators & Random Tools,ford vin decoder,22200,34,toyota vin decoder,14800,43,C,"how to read a vin number (2900, KD47)",Generic terms are KD76-90.
snow-day-predictor,Snow Day Predictor,Generators & Random Tools,snow day calculator,368000,17,snow day predictor,40500,16,B,"snow day chance (5400, KD4); snow day probability (5400, KD16)",Seasonal (Dec-Feb). SERP has exact-match clones and AccuWeather.
us-holiday-countdown,US Holiday Countdown,Generators & Random Tools,how many days until christmas,1000000,27,how many days until halloween,201000,1,A,"days until thanksgiving (74000, KD0); days until black friday (3600, KD0); days until new year (1900, KD0)",Timing-dependent. Halloween SERP is very weak; Christmas SERP has small countdown sites + timeanddate.
daylight-saving-countdown,Daylight Saving Countdown,Generators & Random Tools,when do clocks go back,22200,27,when do we fall back,18100,19,C,"fall back 2026 (4400, KD25)","Top rows are answer boxes / timeanddate, Almanac, Wikipedia."
fantasy-points-calculator,Fantasy Points Calculator,Generators & Random Tools,fantasy points calculator,4400,0,fantasy football points calculator,1300,0,A,,SERP is only unrelated results — wide open during NFL season.
gaming-session-time-calculator,Gaming Session Calculator,Generators & Random Tools,playtime calculator,260,15,game time calculator,20,11,C,,Demand is essentially zero — skip.
tournament-bracket-generator,Tournament Bracket Generator,Generators & Random Tools,tournament bracket generator,14800,16,bracket generator,14800,18,A,"round robin generator (2900, KD4); double elimination bracket (1900, KD31)",SERP has blogs and App Store.
dog-food-safety-checker,Can My Dog Eat This?,Life & Everyday Tools,can my dog eat this,1000,29,can dogs eat bananas,246000,4,A,"can dogs eat strawberries (246000, KD10); can dogs eat apples (201000, KD0); can dogs eat pineapple (135000, KD3); can dogs eat grapes (110000, KD15); can dogs eat watermelon (90500, KD0); can dogs eat cheese (60500, KD6); can dogs eat eggs (60500, KD8); + rice, peanut butter, chocolate","Just these foods add up to ~1.2M searches at KD0-15. SERP is weak (Instagram, Facebook, JustAnswer) but AI Overview is a risk — content must be vet-accurate."
dog-age-calculator,Dog Age,Life & Everyday Tools,dog age calculator,60500,20,dog years to human years,60500,12,B,"dog age chart (14800, KD17); puppy age calculator (880, KD12)","SERP has Pedigree, VCA, WebMD."
cat-age-calculator,Cat Age,Life & Everyday Tools,cat years to human years,60500,8,cat age in human years,33100,14,A,"cat age chart (14800, KD6)","SERP is a small blog, Facebook, Pinterest — weak."
pet-calorie-calculator,Pet Calorie,Life & Everyday Tools,dog food calculator,8100,21,dog calorie calculator,6600,21,A,"cat calorie calculator (5400, KD20); how much to feed a puppy (2900, KD0)",
dog-walking-time-calculator,Dog Walking Time,Life & Everyday Tools,how long should i walk my dog,590,15,how often should you walk a dog,170,11,C,,Demand is low — skip for now.
food-calorie-burn-calculator,Steps to Burn Food,Life & Everyday Tools,steps to calories calculator,14800,10,calories burned walking calculator,6600,16,B,"how many steps to burn 500 calories (1300, KD4)","KD10 is deceptive — Omni, Legion, Verywell are on top."
sleep-cycle-calculator,Sleep Cycle,Life & Everyday Tools,sleep cycle calculator,9900,45,nap calculator,590,3,C,"wake up time calculator (590, KD35); bedtime calculator (3600, KD49)","Head 'sleep calculator' (135k, KD49, CPC $5.32) is a stretch."
standing-vs-sitting-calculator,Standing vs Sitting,Life & Everyday Tools,does standing burn calories,4400,14,calories burned standing vs sitting,1000,10,B,,
stretching-routine-generator,Stretching Routine,Life & Everyday Tools,stretching routine for beginners,2900,17,morning stretching routine,2900,34,B,"full body stretching routine (4400, KD38)",
study-time-calculator,Study Time,Life & Everyday Tools,study planner,5400,9,exam study planner,480,8,B,,SERP not checked.
reading-time-calculator,Reading Time,Life & Everyday Tools,reading time calculator,4400,26,reading time estimator,4400,8,A,"reading speed test (9900, KD21, CPC $7.53); average reading speed (4400, KD22)",
grade-percentage-calculator,Grade Percentage,Life & Everyday Tools,,,,test score percentage calculator,170,19,B,weighted grade calculator (KD6); class grade calculator (KD13); final grade calculator (KD21),Unverified — volume data missing for most variants.
gpa-to-percentage-converter,GPA to Percentage,Life & Everyday Tools,gpa to percentage calculator,2400,5,3.5 gpa to percentage,2400,0,A,"gpa to percentage (1600, KD0)",Very big in India (see note below table) if you ever expand markets.
scholarship-eligibility-checker,Scholarship Checker,Life & Everyday Tools,scholarship calculator,260,32,,,,C,,"Skip — low demand, head term KD63."
recipe-scaler,Recipe Scaler,Life & Everyday Tools,recipe scaler,880,8,recipe multiplier,1000,8,A,"recipe converter (3600, KD13); how to double a recipe (590, KD0, CPC $6.60)",
baking-conversion-calculator,Baking Conversion,Life & Everyday Tools,grams to cups,110000,4,ounces to cups,301000,5,A,"tablespoons to cups (246000, KD0); sticks of butter to cups (5400, KD0); grams to cups flour (4400, KD0)","Queries where Google shows its own converter have zero-click risk — target ingredient-specific (flour, butter) first."
coffee-water-ratio-calculator,Coffee Ratio,Life & Everyday Tools,coffee to water ratio,5400,5,french press ratio,22200,3,A,"pour over ratio (6600, KD7); how many scoops of coffee for 12 cups (6600, KD0)",SERP is mixed and weak.
cooking-time-calculator,Cooking Time,Life & Everyday Tools,turkey cooking time calculator,1300,5,how long to cook a turkey,60500,17,B,"chicken breast cooking time (9900, KD8); turkey thawing calculator (320, KD7)","Head has Butterball, NYT, Kitchn. Thanksgiving = Nov 26."
freezing-time-estimator,Freezing Time,Life & Everyday Tools,how long does it take to freeze,320,0,,,,C,,Skip.
flight-co2-calculator,Flight CO2,Life & Everyday Tools,carbon footprint of a flight,90,56,flight emissions calculator,30,48,C,,Skip — CPC $16-$27 but searches are tiny.
road-trip-cost-calculator,Road Trip Cost,Life & Everyday Tools,trip gas calculator,18100,18,road trip cost calculator,1300,31,A,"gas cost for road trip (260, KD17, CPC $15.78); fuel cost calculator (40500, KD44)",SERP has small sites and App Store.
luggage-weight-checker,Luggage Weight,Life & Everyday Tools,baggage weight limit,4400,10,checked bag weight limit,12100,38,B,"carry on weight limit (12100, KD46)",Add an airline-wise table.
travel-budget-planner,Travel Budget,Life & Everyday Tools,travel cost calculator,2900,25,trip cost estimator,2900,32,B,"vacation budget calculator (320, KD1); trip budget planner (390, KD11)",
timezone-meeting-planner,Timezone Planner,Life & Everyday Tools,time zone meeting planner,4400,31,meeting planner time zones,4400,31,C,"est to pst converter (5400, KD4)","SERP has timeanddate, worldtimebuddy, koalendar. Head KD84-100."
paint-quantity-calculator,Paint Quantity,Life & Everyday Tools,how much paint for a bedroom,1600,20,how many gallons of paint to paint a room,480,2,B,"paint calculator (40500, KD35); exterior paint calculator (1600, KD29)",SERP not checked.
carpet-area-calculator,Carpet Area,Life & Everyday Tools,carpet calculator,5400,1,square yards calculator,1000,2,A,"flooring calculator (6600, KD0); carpet cost calculator (480, KD12)",Square Footage Calculator (see note) is a much bigger related opportunity.
moving-box-calculator,Moving Box,Life & Everyday Tools,moving box calculator,1300,11,how many moving boxes do i need,320,10,C,"moving calculator (1600, KD26)","SERP has Home Depot, U-Haul, Extra Space."
electricity-bill-estimator,Electricity Bill,Life & Everyday Tools,electricity cost calculator,4400,7,electricity bill calculator,2900,7,A,"electricity usage calculator (2400, KD1); kwh cost calculator (1600, KD15, CPC $9.26)",SERP has small Netlify/Vercel-hosted sites.
garden-soil-calculator,Garden Soil,Life & Everyday Tools,topsoil calculator,22200,0,raised garden bed soil calculator,6600,11,A,"soil calculator (27100, KD24); potting soil calculator (3600, KD19)","SERP has small calculator sites. Related: gravel (60500, KD9), mulch (60500, KD24), cubic yard (33100, KD4)."
wedding-budget-calculator,Wedding Budget,Life & Everyday Tools,wedding budget calculator,1900,15,wedding budget planner,6600,16,C,"wedding budget template (1300, KD7); average wedding cost (18100, KD15)","SERP has The Knot, Zola, NerdWallet — brand-heavy."
party-food-calculator,Party Food,Life & Everyday Tools,party food calculator,480,0,how much pizza for 20 people,720,0,B,"catering calculator (720, KD0, CPC $11.18)",Volume is low.
event-seating-planner,Event Seating,Life & Everyday Tools,seating chart generator,9900,5,seating chart maker,9900,36,A,"free seating chart maker (1600, KD18); classroom seating chart generator (720, KD0); seating chart template (4400, KD23)",Use 'Seating Chart Generator' as the H1 — 'event seating planner' has almost zero demand.
invitation-word-counter,Invitation Word Counter,Life & Everyday Tools,graduation invitation wording,2400,0,wedding invitation wording,8100,12,B,"birthday invitation wording (720, KD0)","People search for wording examples, not a counter tool."
running-pace-calculator,Running Pace,Life & Everyday Tools,mile pace calculator,3600,32,10k pace calculator,1000,24,C,"5k pace calculator (5400, KD45); marathon pace calculator (14800, KD45)",All variants cluster around KD45.
cycling-speed-calculator,Cycling Speed,Life & Everyday Tools,cycling speed calculator,880,9,average cycling speed,4400,10,B,"bike gear calculator (880, KD17)",
pregnancy-due-date-calculator,Pregnancy Due Date,Life & Everyday Tools,ivf due date calculator,22200,22,pregnancy week calculator,18100,32,C,"pregnancy due date calculator (74000, KD36); due date calculator by lmp (1300, KD32)","SERP has WebMD, The Bump, UPMC — not realistic for the head term yet."
baby-feeding-schedule-generator,Baby Feeding Schedule,Life & Everyday Tools,newborn feeding schedule,14800,14,baby feeding chart,22200,29,B,"how much should a newborn eat (9900, KD33)","SERP is weak/messy (Pinterest, Facebook, even 'goat feeding'). Sensitive topic — write to AAP guidance."
diaper-changes-estimator,Diaper Changes,Life & Everyday Tools,diaper calculator,260,2,how many diapers do i need,320,2,C,,Low priority.
child-growth-percentile-checker,Child Growth Percentile,Life & Everyday Tools,height percentile calculator,14800,17,growth percentile calculator,4400,25,B,"weight percentile calculator (4400, KD23)",Use CDC/WHO data.
carbon-footprint-calculator,Carbon Footprint,Life & Everyday Tools,carbon footprint calculator,8100,66,calculate my carbon footprint,8100,64,C,,KD62-67 — hard.
plastic-usage-estimator,Plastic Usage,Life & Everyday Tools,plastic footprint calculator,90,18,,,,C,,Skip — low demand.
tree-planting-impact-calculator,Tree Planting,Life & Everyday Tools,how much co2 does a tree absorb,210,16,tree planting calculator,140,0,C,,Skip — CPC $13-$16 but volume is tiny.
recycling-savings-calculator,Recycling Savings,Life & Everyday Tools,recycling calculator,50,0,,,,C,,Skip.
ev-vs-petrol-calculator,EV vs Petrol,Life & Everyday Tools,ev vs gas calculator,590,20,ev charging cost calculator,1000,7,B,"ev savings calculator (720, KD33, CPC $7-$10)",Low volume. Use 'gas' not 'petrol' for the US market.
video-compressor,Video Compressor,Video & Audio Tools,video compressor,90500,59,compress video online,9900,37,B,,"SERP-verified — top 10 is all real online compressor tools (FreeConvert, Clideo, VEED, Adobe Express). Genuinely winnable."
gif-maker,GIF Maker (Video to GIF),Video & Audio Tools,video to gif,110000,26,gif maker,368000,70,A,,"'video to gif' is the primary — same volume tier as 'mp4 to gif' but much easier KD, and matches the tool exactly. 'gif maker' is huge but KD70 with giants (GIPHY, Canva, Adobe) — keep as aspirational secondary."
audio-trimmer,Audio Trimmer,Video & Audio Tools,audio trimmer,18100,20,mp3 cutter,18100,50,A,,"Exact-match primary, easy KD, perfect intent."
screen-recorder,Screen Recorder,Video & Audio Tools,screen recorder,165000,64,online screen recorder,2400,64,C,,"SERP-checked and bad: top 10 is almost entirely app-store listings (Google Play, Apple App Store, Chrome Web Store, Microsoft Store), not browser-tool pages. Keep 'screen recorder' as the on-page title but temper expectations."
color-picker,Color Picker,Design & Color Tools,color picker from image,49500,26,color picker,368000,54,A,,"SERP-checked both — 'from image' variant's top 10 is mostly small real tool sites (Skylum, OnlinePngTools, ColorPickImage, PineTools), very winnable."
hex-rgb-converter,HEX to RGB Converter,Design & Color Tools,hex to rgb,8100,12,rgb to hex,14800,30,A,,"Both easy/exact-match, no real competition risk."
palette-generator,Palette Generator,Design & Color Tools,color palette from image,5400,27,image color palette generator,2900,25,B,,"IMPORTANT: don't target 'color palette generator' or 'palette generator' — both KD100, SERP-checked wall-to-wall giants (Coolors, Canva, Figma, Adobe, Pantone, Paletton). The 'from image' phrasing is the same real feature and far more winnable."
color-name-finder,Color Name Finder,Design & Color Tools,color name finder,3600,23,hex color name,1600,31,A,,"Clean exact-match primary, easy KD, no competition issues."
utm-link-builder,UTM Link Builder,SEO & Marketing Tools,utm builder,12100,64,utm generator,3600,49,B,,"SERP-checked both — top 10 on each is almost entirely small/mid free-tool sites (Mailmodo, CodeShack, Listify, HeightsPlatform, Startbuddi), not giants. CPC is unusually high ($25-$290)."
open-graph-preview-generator,Open Graph Preview Generator,SEO & Marketing Tools,open graph preview,480,28,og image preview,140,23,B,,"Low-volume niche overall but both easy KD, exact match."
keyword-density-checker,Keyword Density Checker,SEO & Marketing Tools,keyword density checker,1000,29,keyword density calculator,110,13,B,,Primary has the real volume; calculator variant is a near-zero-competition backup angle.
meta-description-length-checker,Meta Description Length Checker,SEO & Marketing Tools,meta description checker,480,24,meta description length checker,260,5,A,,Shorter 'checker' phrasing has almost double the volume; the exact tool-name phrasing is easier (KD5) — good secondary/H2 target.
twitter-thread-splitter,X/Twitter Thread Splitter,SEO & Marketing Tools,twitter thread maker,110,4,,,,C,,Weak category — almost no real search demand. 'twitter thread splitter' itself: vol 10. 'split text into tweets': no data at all. Build the tool but don't expect much organic traffic — rely on internal linking/social instead.
