slug,tool,tier,decision,main_keyword,secondary_keyword,filename_keyword,filename_vol,filename_kd,sheet_primary,sheet_vol,sheet_kd,note
pdf-to-image,PDF to Image Converter,B,USE_SHEET,pdf to jpg,pdf to image,pdf to image,18100,55,pdf to jpg,165000,60,
image-to-pdf,Image to PDF,B,USE_SHEET,jpg to pdf,image to pdf,image to pdf,74000,58,jpg to pdf,201000,52,
text-to-pdf,Text to PDF,A,USE_SHEET,txt to pdf converter,text to pdf generator,text to pdf generator,30,0,txt to pdf converter,6600,2,
image-converter,Image Converter,B,SAME,image converter,convert png to jpg,image converter,22200,43,image converter,22200,43,
image-resizer,Image Resizer,B,SAME,image resizer,resize image online,image resizer,201000,65,image resizer,201000,65,
bulk-image-resizer,Bulk Image Resizer,A,SAME,bulk image resizer,resize multiple images at once,bulk image resizer,2400,34,bulk image resizer,2400,34,
image-compressor,Image Compressor,C,SAME,image compressor,compress image online,image compressor,74000,77,image compressor,74000,77,
image-crop-tool,Image Crop Tool,B,USE_SHEET,image cropper,image crop tool,image crop tool,720,47,image cropper,22200,46,
image-to-text-ocr,Image to Text (OCR),B,USE_SHEET,image to text,image to text ocr,image to text ocr,210,48,image to text,74000,41,
screenshot-to-text,Screenshot to Text,A,SAME,screenshot to text,copy text from screenshot,screenshot to text,1900,23,screenshot to text,1900,23,
meme-generator,Meme Generator,B,SAME,meme generator,create meme online,meme generator,450000,59,meme generator,450000,59,
background-remover,Background Remover,B,SAME,background remover,transparent background maker,background remover,1220000,66,background remover,1220000,66,
image-watermark-adder,Image Watermark Adder,C,USE_SHEET,add watermark to image,image watermark adder,image watermark adder,10,31,add watermark to image,320,,
photo-collage-maker,Photo Collage Maker,C,SAME,photo collage maker,,photo collage maker,18100,63,photo collage maker,18100,63,
favicon-generator,Favicon Generator,C,SAME,favicon generator,,favicon generator,14800,68,favicon generator,14800,68,
svg-to-png-converter,SVG to PNG Converter,A,USE_SHEET,svg to png,svg to png converter,svg to png converter,3600,10,svg to png,40500,9,
word-counter,Word Counter,B,SAME,word counter,word count tool,word counter,1220000,65,word counter,1220000,65,
case-converter,Case Converter,A,SAME,case converter,text case converter,case converter,27100,19,case converter,27100,19,
fancy-text-generator,Fancy Text Generator,A,SAME,fancy text generator,stylish text generator,fancy text generator,74000,29,fancy text generator,74000,29,
text-to-handwriting,Text to Handwriting,B,SAME,text to handwriting,handwriting generator,text to handwriting,1300,22,text to handwriting,1300,22,
hashtag-generator,Hashtag Generator,B,SAME,hashtag generator,instagram hashtag generator,hashtag generator,3600,31,hashtag generator,3600,31,
lorem-ipsum-generator,Lorem Ipsum Generator,A,USE_SHEET,lorem ipsum,lorem ipsum generator,lorem ipsum generator,60500,45,lorem ipsum,135000,34,
text-diff-checker,Text Diff Checker,A,USE_SHEET,diff checker,text diff checker,text diff checker,320,63,diff checker,33100,25,
text-to-speech,Text to Speech,C,SAME,text to speech,tts online,text to speech,301000,94,text to speech,301000,94,
speech-to-text,Speech to Text,C,SAME,speech to text,dictation online,speech to text,0,94,speech to text,,94,
duplicate-line-remover,Duplicate Line Remover,A,SAME,duplicate line remover,remove duplicate lines,duplicate line remover,390,2,duplicate line remover,390,2,
text-sorter,Text Sorter,A,USE_SHEET,alphabetize list,text sorter,text sorter,210,0,alphabetize list,8100,8,
slug-generator,Slug Generator,B,USE_SHEET,slugify,slug generator,slug generator,320,0,slugify,880,24,
text-reverser,Text Reverser,B,USE_SHEET,backwards text generator,text reverser,text reverser,8100,21,backwards text generator,14800,22,
readability-score-checker,Readability Score Checker,B,USE_SHEET,readability checker,readability score checker,readability score checker,90,41,readability checker,3600,34,
instagram-bio-generator,Instagram Bio Generator,A,SAME,instagram bio generator,bio generator,instagram bio generator,1600,0,instagram bio generator,1600,0,
character-counter,Character Counter,A,SAME,character counter,twitter character counter,character counter,246000,41,character counter,246000,41,
morse-code-translator,Morse Code Translator,A,SAME,morse code translator,morse code converter,morse code translator,368000,22,morse code translator,368000,22,
nato-phonetic-alphabet-converter,NATO Phonetic Alphabet Converter,A,USE_SHEET,nato phonetic alphabet,nato phonetic alphabet converter,nato phonetic alphabet converter,720,0,nato phonetic alphabet,49500,20,
pig-latin-translator,Pig Latin Translator,B,SAME,pig latin translator,,pig latin translator,0,12,pig latin translator,,12,
anagram-solver,Anagram Solver,A,SAME,anagram solver,anagram generator,anagram solver,301000,34,anagram solver,301000,34,
text-repeater,Text Repeater,A,SAME,text repeater,word repeater,text repeater,4400,9,text repeater,4400,9,
whitespace-remover,Whitespace Remover,B,KEEP_FILENAME,whitespace remover,remove extra spaces,whitespace remover,1300,0,remove extra spaces,210,0,
letter-frequency-counter,Letter Frequency Counter,B,SAME,letter frequency counter,,letter frequency counter,480,16,letter frequency counter,480,16,
json-formatter-validator,JSON Formatter & Validator,A,USE_SHEET,json formatter,json formatter validator,json formatter validator,12100,57,json formatter,110000,29,
json-to-csv,JSON to CSV,A,SAME,json to csv,json to csv converter,json to csv,5400,13,json to csv,5400,13,
regex-tester,Regex Tester,B,SAME,regex tester,regular expression tester,regex tester,18100,34,regex tester,18100,34,
url-encoder-decoder,URL Encoder/Decoder,B,USE_SHEET,url decoder,url encoder decoder,url encoder decoder,1900,41,url decoder,18100,59,
base64-encoder-decoder,Base64 Encoder/Decoder,B,USE_SHEET,base64 decode,base64 encoder decoder,base64 encoder decoder,260,22,base64 decode,60500,23,
meta-tags-generator,Meta Tags Generator,C,USE_SHEET,meta tag generator,meta tags generator,meta tags generator,40,13,meta tag generator,260,9,
robots-txt-generator,Robots.txt Generator,B,KEEP_FILENAME,robots txt generator,robots.txt generator,robots txt generator,1000,27,robots.txt generator,1000,27,
fake-data-generator,Fake Data Generator,B,USE_SHEET,random data generator,fake data generator,fake data generator,170,63,random data generator,260,10,
markdown-editor-previewer,Markdown Editor & Previewer,B,USE_SHEET,markdown editor,markdown editor previewer,markdown editor previewer,0,,markdown editor,8100,45,
html-formatter-beautifier,HTML Formatter/Beautifier,A,USE_SHEET,html formatter,html formatter beautifier,html formatter beautifier,10,,html formatter,8100,22,
css-formatter-minifier,CSS Formatter/Minifier,A,USE_SHEET,css formatter,css formatter minifier,css formatter minifier,0,,css formatter,720,12,
js-formatter-minifier,JS Formatter/Minifier,B,USE_SHEET,js minifier,js formatter minifier,js formatter minifier,0,,js minifier,2400,31,
xml-formatter-validator,XML Formatter & Validator,A,USE_SHEET,xml formatter,xml formatter validator,xml formatter validator,50,11,xml formatter,22200,6,
yaml-to-json-converter,YAML to JSON Converter,A,USE_SHEET,json to yaml,yaml to json converter,yaml to json converter,390,0,json to yaml,1300,2,
cron-expression-generator,Cron Expression Generator,A,KEEP_FILENAME,cron expression generator,crontab generator,cron expression generator,1300,19,crontab generator,1600,24,
uuid-guid-generator,UUID/GUID Generator,A,USE_SHEET,uuid generator,uuid guid generator,uuid guid generator,9900,23,uuid generator,18100,15,
hash-generator,Hash Generator,B,SAME,hash generator,sha256 generator,hash generator,880,40,hash generator,880,40,
jwt-decoder,JWT Decoder,B,SAME,jwt decoder,decode jwt,jwt decoder,14800,36,jwt decoder,14800,36,
timestamp-converter,Timestamp Converter,A,USE_SHEET,epoch converter,timestamp converter,timestamp converter,5400,28,epoch converter,40500,17,
color-contrast-checker,Color Contrast Checker,B,SAME,color contrast checker,wcag contrast checker,color contrast checker,12100,56,color contrast checker,12100,56,
data-storage-converter,Data Storage Converter,A,USE_SHEET,mb to gb converter,data storage converter,data storage converter,70,0,mb to gb converter,2400,3,
number-base-converter,Number Base Converter,A,USE_SHEET,hex to decimal converter,number base converter,number base converter,2900,21,hex to decimal converter,5400,15,
text-binary-converter,Text to Binary Converter,A,USE_SHEET,binary translator,text binary converter,text binary converter,0,,binary translator,165000,16,
csv-to-json-converter,CSV to JSON Converter,A,USE_SHEET,csv to json,csv to json converter,csv to json converter,590,16,csv to json,2400,13,
json-diff-checker,JSON Diff Checker,A,USE_SHEET,json compare,json diff checker,json diff checker,590,28,json compare,9900,13,
markdown-to-html-converter,Markdown to HTML Converter,A,USE_SHEET,markdown to html,markdown to html converter,markdown to html converter,320,11,markdown to html,1900,6,
html-to-markdown-converter,HTML to Markdown Converter,B,USE_SHEET,html to markdown,html to markdown converter,html to markdown converter,390,26,html to markdown,1600,26,
css-gradient-generator,CSS Gradient Generator,B,USE_SHEET,gradient generator,css gradient generator,css gradient generator,2400,69,gradient generator,3600,51,
css-box-shadow-generator,CSS Box-Shadow Generator,A,SAME,css box shadow generator,box shadow generator,css box shadow generator,720,13,css box shadow generator,720,13,
css-clamp-calculator,CSS clamp() Calculator,B,SAME,css clamp calculator,,css clamp calculator,40,0,css clamp calculator,40,0,
htaccess-generator,.htaccess Generator,C,SAME,htaccess generator,,htaccess generator,30,19,htaccess generator,30,19,
xml-sitemap-generator,XML Sitemap Generator,B,USE_SHEET,sitemap generator,xml sitemap generator,xml sitemap generator,1300,42,sitemap generator,4400,49,
sql-formatter-minifier,SQL Formatter / Minifier,B,USE_SHEET,sql formatter,sql formatter minifier,sql formatter minifier,0,,sql formatter,9900,34,
placeholder-image-generator,Placeholder Image Generator,A,USE_SHEET,placeholder image,placeholder image generator,placeholder image generator,390,4,placeholder image,12100,15,
percentage-calculator,Percentage Calculator,A,SAME,percentage calculator,percent calculator,percentage calculator,550000,32,percentage calculator,550000,32,
scientific-calculator,Scientific Calculator,B,SAME,scientific calculator,scientific calculator online,scientific calculator,550000,47,scientific calculator,550000,47,
gpa-calculator,GPA Calculator,A,SAME,gpa calculator,cgpa calculator,gpa calculator,823000,38,gpa calculator,823000,38,
emi-calculator,EMI Calculator,B,SAME,emi calculator,loan emi calculator,emi calculator,8100,41,emi calculator,8100,41,
age-calculator,Age Calculator,A,SAME,age calculator,age calculator by date of birth,age calculator,673000,46,age calculator,673000,46,
bmi-calculator,BMI Calculator,B,SAME,bmi calculator,body mass index calculator,bmi calculator,2240000,58,bmi calculator,2240000,58,
discount-calculator,Discount Calculator,A,SAME,discount calculator,sale price calculator,discount calculator,33100,7,discount calculator,33100,7,
unit-converter,Unit Converter,A,SAME,unit converter,measurement converter,unit converter,135000,24,unit converter,135000,24,
love-calculator,Love Calculator,A,SAME,love calculator,love percentage calculator,love calculator,74000,27,love calculator,74000,27,
loan-calculator,Loan Calculator,B,SAME,loan calculator,personal loan calculator,loan calculator,673000,54,loan calculator,673000,54,
mortgage-calculator,Mortgage Calculator,C,SAME,mortgage calculator,home loan calculator,mortgage calculator,2740000,79,mortgage calculator,2740000,79,
salary-take-home-calculator,Salary/Take-Home Pay Calculator,B,USE_SHEET,paycheck calculator,salary calculator,salary calculator,301000,55,paycheck calculator,550000,52,
tip-calculator,Tip Calculator,A,SAME,tip calculator,,tip calculator,450000,18,tip calculator,450000,18,
currency-converter,Currency Converter,C,SAME,currency converter,exchange rate calculator,currency converter,673000,80,currency converter,673000,80,
calorie-calculator-tdee,Calorie Calculator (TDEE),B,USE_SHEET,tdee calculator,calorie calculator tdee,calorie calculator tdee,1900,37,tdee calculator,550000,37,
macro-calculator,Macro Calculator,B,SAME,macro calculator,macro calculator for weight loss,macro calculator,90500,31,macro calculator,90500,31,
retirement-savings-calculator,Retirement Savings Calculator,B,SAME,retirement calculator,retirement savings calculator,retirement calculator,368000,54,retirement calculator,368000,54,
car-loan-calculator,Car Loan Calculator,B,KEEP_FILENAME,car loan calculator,auto loan calculator,car loan calculator,550000,46,auto loan calculator,673000,46,
investment-return-calculator,Investment Return Calculator,B,USE_SHEET,investment calculator,investment return calculator,investment return calculator,9900,47,investment calculator,450000,48,
water-intake-calculator,Water Intake Calculator,A,SAME,water intake calculator,how much water should i drink calculator,water intake calculator,33100,3,water intake calculator,33100,3,
heart-rate-zone-calculator,Heart Rate Zone Calculator,A,SAME,heart rate zone calculator,target heart rate calculator,heart rate zone calculator,9900,8,heart rate zone calculator,9900,8,
break-even-calculator,Break-Even Calculator,A,KEEP_FILENAME,break even calculator,break even point calculator,break even calculator,880,1,break even point calculator,1300,21,
compound-interest-calculator,Compound Interest Calculator,B,SAME,compound interest calculator,,compound interest calculator,823000,64,compound interest calculator,823000,64,
roman-numeral-converter,Roman Numeral Converter,A,SAME,roman numeral converter,roman numerals converter,roman numeral converter,165000,11,roman numeral converter,165000,11,
invoice-generator,Invoice Generator,B,SAME,invoice generator,free invoice generator,invoice generator,135000,50,invoice generator,135000,50,
profit-margin-calculator,Profit Margin Calculator,A,SAME,profit margin calculator,markup calculator,profit margin calculator,22200,25,profit margin calculator,22200,25,
date-difference-calculator,Date Difference Calculator,A,USE_SHEET,days between dates calculator,date difference calculator,date difference calculator,9900,36,days between dates calculator,33100,24,
work-days-calculator,Work Days Calculator,A,USE_SHEET,business days calculator,work days calculator,work days calculator,480,37,business days calculator,40500,28,
time-duration-calculator,Time Duration Calculator,A,SAME,time duration calculator,,time duration calculator,135000,22,time duration calculator,135000,22,
hourly-to-salary-converter,Hourly to Salary Converter,B,USE_SHEET,hourly to salary calculator,hourly to salary converter,hourly to salary converter,3600,46,hourly to salary calculator,49500,46,
bill-splitter-calculator,Bill Splitter Calculator,A,KEEP_FILENAME,bill splitter calculator,split the bill calculator,bill splitter calculator,1600,10,split the bill calculator,1600,10,
simple-interest-calculator,Simple Interest Calculator,A,SAME,simple interest calculator,,simple interest calculator,22200,20,simple interest calculator,22200,20,
debt-payoff-calculator,Debt Payoff Calculator,B,SAME,debt payoff calculator,debt snowball calculator,debt payoff calculator,18100,49,debt payoff calculator,18100,49,
freelance-hourly-rate-calculator,Freelance Hourly Rate Calculator,A,USE_SHEET,freelance rate calculator,freelance hourly rate calculator,freelance hourly rate calculator,90,5,freelance rate calculator,390,0,
overtime-pay-calculator,Overtime Pay Calculator,A,USE_SHEET,overtime calculator,overtime pay calculator,overtime pay calculator,4400,22,overtime calculator,22200,7,
401k-contribution-calculator,401(k) Contribution Calculator,B,USE_SHEET,401k calculator,401k contribution calculator,401k contribution calculator,3600,13,401k calculator,165000,36,
car-depreciation-calculator,Car Depreciation Calculator,A,SAME,car depreciation calculator,,car depreciation calculator,8100,22,car depreciation calculator,8100,22,
lease-vs-buy-car-calculator,Lease vs Buy Car Calculator,A,USE_SHEET,car lease calculator,lease vs buy car calculator,lease vs buy car calculator,1300,0,car lease calculator,18100,31,
property-tax-estimator,Property Tax Estimator,B,USE_SHEET,property tax calculator,property tax estimator,property tax estimator,3600,43,property tax calculator,22200,43,
college-savings-calculator,529 College Savings Calculator,A,USE_SHEET,529 calculator,college savings calculator,college savings calculator,4400,11,529 calculator,14800,10,
social-security-fra-calculator,Social Security FRA Calculator,B,USE_SHEET,social security calculator,social security fra calculator,social security fra calculator,480,46,social security calculator,49500,60,
shoe-size-converter,Shoe Size Converter,A,USE_SHEET,shoe size chart converter,shoe size converter,shoe size converter,5400,36,shoe size chart converter,22200,9,
clothing-size-converter,Clothing Size Converter,B,SAME,clothing size converter,,clothing size converter,320,20,clothing size converter,320,20,
ring-size-converter,Ring Size Converter,B,SAME,ring size converter,,ring size converter,1300,37,ring size converter,1300,37,
oven-temperature-converter,Oven Temperature Converter,A,SAME,oven temperature converter,,oven temperature converter,210,2,oven temperature converter,210,2,
password-generator,Password Generator,C,KEEP_FILENAME,password generator,secure password generator,password generator,301000,55,secure password generator,6600,55,
passphrase-generator,Passphrase Generator,B,SAME,passphrase generator,xkcd password generator,passphrase generator,8100,42,passphrase generator,8100,42,
qr-code-generator,QR Code Generator,B,USE_SHEET,qr code generator for business card,qr code generator,qr code generator,0,,qr code generator for business card,2900,25,
random-number-generator,Random Number Generator,A,USE_SHEET,random 4 digit number generator,random number generator,random number generator,0,,random 4 digit number generator,6600,6,
business-name-generator,Business Name Generator,C,KEEP_FILENAME,business name generator,company name generator,business name generator,49500,62,company name generator,8100,51,
password-strength-checker,Password Strength Checker,C,KEEP_FILENAME,password strength checker,password strength test,password strength checker,4400,58,password strength test,5400,58,
barcode-generator,Barcode Generator,A,SAME,barcode generator,free barcode generator,barcode generator,450000,24,barcode generator,450000,24,
wheel-of-names,Wheel of Names,A,USE_SHEET,name picker wheel,wheel of names,wheel of names,1500000,33,name picker wheel,14800,24,"""wheel of names"" is a brand search (wheelofnames.com)"
coin-flip-dice-roller,Coin Flip & Dice Roller,B,USE_SHEET,heads or tails,coin flip dice roller,coin flip dice roller,0,,heads or tails,673000,24,
random-team-generator,Random Team Generator,A,USE_SHEET,random group generator,random team generator,random team generator,22200,9,random group generator,33100,8,
nickname-generator,Nickname Generator,A,SAME,nickname generator,cool nickname generator,nickname generator,18100,21,nickname generator,18100,21,
countdown-timer-generator,Countdown Timer Generator,C,USE_SHEET,countdown to date,countdown timer generator,countdown timer generator,0,,countdown to date,3600,35,
fantasy-name-generator,Fantasy Name Generator,A,SAME,fantasy name generator,dnd name generator,fantasy name generator,165000,15,fantasy name generator,165000,15,
baby-name-generator,Baby Name Generator,B,KEEP_FILENAME,baby name generator,,baby name generator,0,,,,,
pet-name-generator,Pet Name Generator,A,USE_SHEET,dog name generator,pet name generator,pet name generator,1600,0,dog name generator,3600,6,
license-plate-generator,License Plate Generator,C,SAME,license plate generator,license plate maker,license plate generator,1900,6,license plate generator,1900,6,
typing-speed-test,Typing Speed Test,C,SAME,typing speed test,typing test 5 minutes,typing speed test,135000,49,typing speed test,135000,49,
reaction-time-test,Reaction Time Test,A,SAME,reaction time test,reaction time,reaction time test,110000,12,reaction time test,110000,12,
vin-decoder,VIN Decoder,C,USE_SHEET,ford vin decoder,vin decoder,vin decoder,301000,85,ford vin decoder,22200,34,KD 85 on the file-name keyword; sheet picks brand pages
snow-day-predictor,Snow Day Predictor,B,USE_SHEET,snow day calculator,snow day predictor,snow day predictor,40500,16,snow day calculator,368000,17,
us-holiday-countdown,US Holiday Countdown,A,USE_SHEET,how many days until christmas,us holiday countdown,us holiday countdown,0,,how many days until christmas,1000000,27,
daylight-saving-countdown,Daylight Saving Countdown,C,USE_SHEET,when do clocks go back,daylight saving countdown,daylight saving countdown,390,27,when do clocks go back,22200,27,
fantasy-points-calculator,Fantasy Points Calculator,A,SAME,fantasy points calculator,fantasy football points calculator,fantasy points calculator,4400,0,fantasy points calculator,4400,0,
gaming-session-time-calculator,Gaming Session Calculator,C,USE_SHEET,playtime calculator,gaming session time calculator,gaming session time calculator,0,,playtime calculator,260,15,
tournament-bracket-generator,Tournament Bracket Generator,A,SAME,tournament bracket generator,bracket generator,tournament bracket generator,14800,16,tournament bracket generator,14800,16,
dog-food-safety-checker,Can My Dog Eat This?,A,USE_SHEET,can my dog eat this,dog food safety checker,dog food safety checker,0,,can my dog eat this,1000,29,
dog-age-calculator,Dog Age,B,SAME,dog age calculator,dog years to human years,dog age calculator,60500,20,dog age calculator,60500,20,
cat-age-calculator,Cat Age,A,USE_SHEET,cat years to human years,cat age calculator,cat age calculator,5400,8,cat years to human years,60500,8,
pet-calorie-calculator,Pet Calorie,A,USE_SHEET,dog food calculator,pet calorie calculator,pet calorie calculator,1000,31,dog food calculator,8100,21,
dog-walking-time-calculator,Dog Walking Time,C,USE_SHEET,how long should i walk my dog,dog walking time calculator,dog walking time calculator,0,,how long should i walk my dog,590,15,
food-calorie-burn-calculator,Steps to Burn Food,B,USE_SHEET,steps to calories calculator,food calorie burn calculator,food calorie burn calculator,0,,steps to calories calculator,14800,10,
sleep-cycle-calculator,Sleep Cycle,C,SAME,sleep cycle calculator,nap calculator,sleep cycle calculator,9900,45,sleep cycle calculator,9900,45,
standing-vs-sitting-calculator,Standing vs Sitting,B,USE_SHEET,does standing burn calories,standing vs sitting calculator,standing vs sitting calculator,0,,does standing burn calories,4400,14,
stretching-routine-generator,Stretching Routine,B,USE_SHEET,stretching routine for beginners,stretching routine generator,stretching routine generator,0,,stretching routine for beginners,2900,17,
study-time-calculator,Study Time,B,USE_SHEET,study planner,study time calculator,study time calculator,50,0,study planner,5400,9,
reading-time-calculator,Reading Time,A,SAME,reading time calculator,reading time estimator,reading time calculator,4400,26,reading time calculator,4400,26,
grade-percentage-calculator,Grade Percentage,B,KEEP_FILENAME,grade percentage calculator,,grade percentage calculator,0,36,,,,
gpa-to-percentage-converter,GPA to Percentage,A,USE_SHEET,gpa to percentage calculator,gpa to percentage converter,gpa to percentage converter,210,0,gpa to percentage calculator,2400,5,
scholarship-eligibility-checker,Scholarship Checker,C,USE_SHEET,scholarship calculator,scholarship eligibility checker,scholarship eligibility checker,10,,scholarship calculator,260,32,
recipe-scaler,Recipe Scaler,A,SAME,recipe scaler,recipe multiplier,recipe scaler,880,8,recipe scaler,880,8,
baking-conversion-calculator,Baking Conversion,A,USE_SHEET,grams to cups,baking conversion calculator,baking conversion calculator,590,40,grams to cups,110000,4,
coffee-water-ratio-calculator,Coffee Ratio,A,USE_SHEET,coffee to water ratio,coffee water ratio calculator,coffee water ratio calculator,3600,4,coffee to water ratio,5400,5,
cooking-time-calculator,Cooking Time,B,USE_SHEET,turkey cooking time calculator,cooking time calculator,cooking time calculator,320,1,turkey cooking time calculator,1300,5,
freezing-time-estimator,Freezing Time,C,USE_SHEET,how long does it take to freeze,freezing time estimator,freezing time estimator,0,,how long does it take to freeze,320,0,
flight-co2-calculator,Flight CO2,C,USE_SHEET,carbon footprint of a flight,flight co2 calculator,flight co2 calculator,20,55,carbon footprint of a flight,90,56,
road-trip-cost-calculator,Road Trip Cost,A,USE_SHEET,trip gas calculator,road trip cost calculator,road trip cost calculator,1300,31,trip gas calculator,18100,18,
luggage-weight-checker,Luggage Weight,B,USE_SHEET,baggage weight limit,luggage weight checker,luggage weight checker,70,0,baggage weight limit,4400,10,
travel-budget-planner,Travel Budget,B,USE_SHEET,travel cost calculator,travel budget planner,travel budget planner,390,12,travel cost calculator,2900,25,
timezone-meeting-planner,Timezone Planner,C,KEEP_FILENAME,timezone meeting planner,time zone meeting planner,timezone meeting planner,4400,31,time zone meeting planner,4400,31,
paint-quantity-calculator,Paint Quantity,B,USE_SHEET,how much paint for a bedroom,paint quantity calculator,paint quantity calculator,260,34,how much paint for a bedroom,1600,20,
carpet-area-calculator,Carpet Area,A,USE_SHEET,carpet calculator,carpet area calculator,carpet area calculator,140,0,carpet calculator,5400,1,
moving-box-calculator,Moving Box,C,SAME,moving box calculator,how many moving boxes do i need,moving box calculator,1300,11,moving box calculator,1300,11,
electricity-bill-estimator,Electricity Bill,A,USE_SHEET,electricity cost calculator,electricity bill estimator,electricity bill estimator,480,9,electricity cost calculator,4400,7,
garden-soil-calculator,Garden Soil,A,USE_SHEET,topsoil calculator,garden soil calculator,garden soil calculator,720,11,topsoil calculator,22200,0,
wedding-budget-calculator,Wedding Budget,C,SAME,wedding budget calculator,wedding budget planner,wedding budget calculator,1900,15,wedding budget calculator,1900,15,
party-food-calculator,Party Food,B,SAME,party food calculator,how much pizza for 20 people,party food calculator,480,0,party food calculator,480,0,
event-seating-planner,Event Seating,A,USE_SHEET,seating chart generator,event seating planner,event seating planner,10,73,seating chart generator,9900,5,
invitation-word-counter,Invitation Word Counter,B,USE_SHEET,graduation invitation wording,invitation word counter,invitation word counter,0,,graduation invitation wording,2400,0,
running-pace-calculator,Running Pace,C,KEEP_FILENAME,running pace calculator,mile pace calculator,running pace calculator,27100,47,mile pace calculator,3600,32,
cycling-speed-calculator,Cycling Speed,B,SAME,cycling speed calculator,average cycling speed,cycling speed calculator,880,9,cycling speed calculator,880,9,
pregnancy-due-date-calculator,Pregnancy Due Date,C,USE_SHEET,ivf due date calculator,pregnancy due date calculator,pregnancy due date calculator,0,,ivf due date calculator,22200,22,
baby-feeding-schedule-generator,Baby Feeding Schedule,B,USE_SHEET,newborn feeding schedule,baby feeding schedule generator,baby feeding schedule generator,0,,newborn feeding schedule,14800,14,
diaper-changes-estimator,Diaper Changes,C,USE_SHEET,diaper calculator,diaper changes estimator,diaper changes estimator,0,,diaper calculator,260,2,
child-growth-percentile-checker,Child Growth Percentile,B,USE_SHEET,height percentile calculator,child growth percentile checker,child growth percentile checker,0,,height percentile calculator,14800,17,
carbon-footprint-calculator,Carbon Footprint,C,SAME,carbon footprint calculator,calculate my carbon footprint,carbon footprint calculator,8100,66,carbon footprint calculator,8100,66,
plastic-usage-estimator,Plastic Usage,C,USE_SHEET,plastic footprint calculator,plastic usage estimator,plastic usage estimator,0,,plastic footprint calculator,90,18,
tree-planting-impact-calculator,Tree Planting,C,USE_SHEET,how much co2 does a tree absorb,tree planting impact calculator,tree planting impact calculator,0,,how much co2 does a tree absorb,210,16,
recycling-savings-calculator,Recycling Savings,C,USE_SHEET,recycling calculator,recycling savings calculator,recycling savings calculator,0,,recycling calculator,50,0,
ev-vs-petrol-calculator,EV vs Petrol,B,USE_SHEET,ev vs gas calculator,ev vs petrol calculator,ev vs petrol calculator,10,,ev vs gas calculator,590,20,
video-compressor,Video Compressor,B,SAME,video compressor,compress video online,video compressor,90500,59,video compressor,90500,59,
gif-maker,GIF Maker (Video to GIF),A,USE_SHEET,video to gif,gif maker,gif maker,368000,70,video to gif,110000,26,
audio-trimmer,Audio Trimmer,A,SAME,audio trimmer,mp3 cutter,audio trimmer,18100,20,audio trimmer,18100,20,
screen-recorder,Screen Recorder,C,SAME,screen recorder,online screen recorder,screen recorder,165000,64,screen recorder,165000,64,
color-picker,Color Picker,A,KEEP_FILENAME,color picker,color picker from image,color picker,368000,54,color picker from image,49500,26,
hex-rgb-converter,HEX to RGB Converter,A,USE_SHEET,hex to rgb,hex rgb converter,hex rgb converter,880,27,hex to rgb,8100,12,
palette-generator,Palette Generator,B,USE_SHEET,color palette from image,palette generator,palette generator,4400,100,color palette from image,5400,27,
color-name-finder,Color Name Finder,A,SAME,color name finder,hex color name,color name finder,3600,23,color name finder,3600,23,
utm-link-builder,UTM Link Builder,B,USE_SHEET,utm builder,utm link builder,utm link builder,880,66,utm builder,12100,64,
open-graph-preview-generator,Open Graph Preview Generator,B,USE_SHEET,open graph preview,open graph preview generator,open graph preview generator,0,,open graph preview,480,28,
keyword-density-checker,Keyword Density Checker,B,SAME,keyword density checker,keyword density calculator,keyword density checker,1000,29,keyword density checker,1000,29,
meta-description-length-checker,Meta Description Length Checker,A,KEEP_FILENAME,meta description length checker,meta description checker,meta description length checker,260,5,meta description checker,480,24,
twitter-thread-splitter,X/Twitter Thread Splitter,C,USE_SHEET,twitter thread maker,twitter thread splitter,twitter thread splitter,10,,twitter thread maker,110,4,
